Frequ / Hz; Atten. / db; Phase / *
137000000;-3.59830029;24.89891047
138000000;-3.553764476;21.9304562
