Frequ / Hz; Atten. / db; Phase / *
137000000;-3.784274742;116.726552
138000000;-3.799303345;113.3874675
